,Tweet no,Department,Retweet count,Reply count,Like count,Quote count
0,0,Accounting,0,0,4,0
1,1,Accounting,1,0,0,0
2,2,Accounting,1,0,0,0
3,3,Accounting,2,0,4,0
4,4,Accounting,3,0,0,0
5,5,Accounting,1,0,0,0
6,6,Accounting,0,1,7,1
7,7,Accounting,0,0,3,0
8,8,Accounting,1,0,3,0
9,9,Accounting,1,0,0,0
10,10,Accounting,1,0,3,0
11,11,Accounting,3,0,2,1
12,12,Accounting,2,0,0,0
13,13,Accounting,1,0,2,0
14,14,Accounting,1,0,0,0
15,15,Accounting,2,0,6,0
16,16,Accounting,1,0,0,0
17,17,Accounting,0,0,0,0
18,18,Accounting,0,0,1,0
19,19,Accounting,1,0,4,0
20,20,Accounting,0,0,3,0
21,21,Accounting,0,0,0,0
22,22,Accounting,2,0,4,0
23,23,Accounting,1,0,0,0
24,24,Accounting,7,0,0,0
25,25,Accounting,1,0,0,0
26,26,Accounting,4,0,4,0
27,27,Accounting,0,0,0,0
28,28,Accounting,0,0,0,0
29,29,Accounting,0,0,2,0
30,30,Accounting,0,0,1,0
31,31,Accounting,2,0,0,0
32,32,Accounting,84,0,0,0
33,33,Accounting,3,0,0,0
34,34,Accounting,2,0,0,0
35,35,Accounting,1,0,2,0
36,36,Accounting,0,0,3,0
37,37,Accounting,1,0,0,0
38,38,Accounting,1,0,0,0
39,39,Accounting,7,0,0,0
40,40,Accounting,1,0,0,0
41,41,Accounting,3,0,6,0
42,42,Accounting,2,0,0,0
43,43,Accounting,3,0,0,0
44,44,Accounting,0,0,1,0
45,45,Accounting,4,0,0,0
46,46,Accounting,0,0,0,0
47,47,Accounting,1,0,0,0
48,48,Accounting,2,0,3,0
49,49,Accounting,1,0,0,0
50,50,Accounting,1,0,3,0
51,51,Accounting,1,0,0,0
52,52,Accounting,0,0,0,0
53,53,Accounting,3,0,0,0
54,54,Accounting,1,0,0,0
55,55,Accounting,1,0,0,0
56,56,Accounting,8,0,0,0
57,57,Accounting,2,0,3,0
58,58,Accounting,2,0,0,0
59,59,Accounting,1,0,0,0
60,60,Accounting,1,0,0,0
61,61,Accounting,5,0,0,0
62,62,Accounting,1,0,2,0
63,63,Accounting,5,0,0,0
64,64,Accounting,3,0,0,0
65,65,Accounting,1,0,0,0
66,66,Accounting,0,0,4,0
67,67,Accounting,3,0,0,0
68,68,Accounting,4,0,0,0
69,69,Accounting,6,0,0,0
70,70,Accounting,5,0,0,0
71,71,Accounting,2,0,0,0
72,72,Accounting,2,0,0,0
73,73,Accounting,0,0,0,1
74,74,Accounting,2,0,2,0
75,75,Accounting,1,0,4,0
76,76,Accounting,3,0,3,0
77,77,Accounting,1,0,1,0
78,78,Accounting,0,0,0,0
79,79,Accounting,1,0,2,0
80,80,Accounting,0,0,2,0
81,81,Accounting,3,0,2,0
82,82,Accounting,0,0,1,0
83,83,Accounting,1,0,0,0
84,84,Accounting,0,0,0,0
85,85,Accounting,2,0,0,0
86,86,Accounting,0,0,0,0
87,87,Accounting,0,0,0,0
88,88,Accounting,0,0,0,0
89,89,Accounting,2,0,0,0
90,90,Accounting,7,0,0,0
91,91,Accounting,2,0,0,0
92,92,Accounting,2,0,0,0
93,93,Accounting,5,0,0,0
94,94,Accounting,7,0,0,0
95,95,Accounting,14,0,0,0
96,96,Accounting,1,0,2,0
97,97,Accounting,2,0,0,0
98,98,Accounting,2,0,0,0
99,99,Accounting,6,0,0,0
0,0,Anthropology,0,0,0,0
1,1,Anthropology,3,0,0,0
2,2,Anthropology,1,0,0,0
3,3,Anthropology,2,0,0,0
4,4,Anthropology,1,0,2,0
5,5,Anthropology,0,0,1,0
6,6,Anthropology,0,0,1,0
7,7,Anthropology,0,0,2,0
8,8,Anthropology,0,0,0,0
9,9,Anthropology,2,0,0,0
10,10,Anthropology,2,0,2,0
11,11,Anthropology,0,0,0,0
12,12,Anthropology,0,0,0,0
13,13,Anthropology,0,0,3,0
14,14,Anthropology,0,0,1,0
15,15,Anthropology,0,0,0,0
16,16,Anthropology,0,0,3,0
17,17,Anthropology,1,0,0,0
18,18,Anthropology,3,0,0,0
19,19,Anthropology,5,0,0,0
20,20,Anthropology,5,0,8,0
21,21,Anthropology,2,0,6,0
22,22,Anthropology,5,0,0,0
23,23,Anthropology,16,0,0,0
24,24,Anthropology,10,0,0,0
25,25,Anthropology,48,0,0,0
26,26,Anthropology,2,0,2,0
27,27,Anthropology,0,0,2,0
28,28,Anthropology,3,0,0,0
29,29,Anthropology,2,0,0,0
30,30,Anthropology,0,0,0,0
31,31,Anthropology,49,0,0,0
32,32,Anthropology,0,0,0,0
33,33,Anthropology,1,0,0,0
34,34,Anthropology,0,0,0,0
35,35,Anthropology,1,0,1,0
36,36,Anthropology,0,0,0,0
37,37,Anthropology,9,0,0,0
38,38,Anthropology,0,0,0,0
39,39,Anthropology,11,0,0,0
40,40,Anthropology,7,0,0,0
41,41,Anthropology,7,0,0,0
42,42,Anthropology,21,0,0,0
43,43,Anthropology,1,0,0,0
44,44,Anthropology,1,0,0,0
45,45,Anthropology,100,0,0,0
46,46,Anthropology,0,0,0,0
47,47,Anthropology,0,0,0,0
48,48,Anthropology,1,0,2,0
49,49,Anthropology,0,0,0,0
50,50,Anthropology,0,0,1,0
51,51,Anthropology,8,0,0,0
52,52,Anthropology,0,0,0,0
53,53,Anthropology,6,0,0,0
54,54,Anthropology,3,0,0,0
55,55,Anthropology,0,0,3,0
56,56,Anthropology,9,0,0,0
57,57,Anthropology,0,0,0,0
58,58,Anthropology,7,0,0,0
59,59,Anthropology,0,0,0,0
60,60,Anthropology,0,0,0,0
61,61,Anthropology,10,0,0,0
62,62,Anthropology,6,0,0,0
63,63,Anthropology,36,0,0,0
64,64,Anthropology,0,0,0,0
65,65,Anthropology,0,0,1,0
66,66,Anthropology,0,0,0,0
67,67,Anthropology,1,0,6,3
68,68,Anthropology,1,0,9,0
69,69,Anthropology,5,1,19,3
70,70,Anthropology,1,0,2,0
71,71,Anthropology,1,0,2,0
72,72,Anthropology,13,0,0,0
73,73,Anthropology,10,0,0,0
74,74,Anthropology,20,0,0,0
75,75,Anthropology,1,0,4,0
76,76,Anthropology,1,0,0,0
77,77,Anthropology,0,0,0,0
78,78,Anthropology,4,0,0,0
79,79,Anthropology,4,0,0,0
80,80,Anthropology,0,0,2,0
81,81,Anthropology,1,0,0,0
82,82,Anthropology,0,0,14,0
83,83,Anthropology,1,0,5,0
84,84,Anthropology,25,0,63,0
85,85,Anthropology,1,0,1,0
86,86,Anthropology,0,0,1,0
87,87,Anthropology,3,0,24,0
88,88,Anthropology,4,0,0,0
89,89,Anthropology,0,0,1,0
90,90,Anthropology,1,0,1,0
91,91,Anthropology,0,0,0,0
92,92,Anthropology,15,1,53,1
93,93,Anthropology,4,0,0,0
94,94,Anthropology,15,0,0,0
95,95,Anthropology,0,0,0,0
96,96,Anthropology,25,0,0,0
97,97,Anthropology,3,0,3,0
98,98,Anthropology,14,1,39,2
99,99,Anthropology,5,0,16,0
0,0,Economics,2,0,1,0
1,1,Economics,3,0,2,0
2,2,Economics,8,0,0,0
3,3,Economics,5,0,0,0
4,4,Economics,2,1,4,0
5,5,Economics,5,0,0,0
6,6,Economics,4,0,0,0
7,7,Economics,4,0,7,3
8,8,Economics,9,0,11,0
9,9,Economics,4,0,0,0
10,10,Economics,12,0,0,0
11,11,Economics,1,0,4,0
12,12,Economics,5,0,0,0
13,13,Economics,3,0,0,0
14,14,Economics,8,0,0,0
15,15,Economics,8,0,0,0
16,16,Economics,3,0,5,0
17,17,Economics,4,0,0,0
18,18,Economics,3,0,0,0
19,19,Economics,8,0,20,0
20,20,Economics,7,1,7,1
21,21,Economics,4,0,5,0
22,22,Economics,4,0,8,0
23,23,Economics,5,0,5,0
24,24,Economics,4,0,7,0
25,25,Economics,1,0,1,0
26,26,Economics,3,0,7,0
27,27,Economics,2,0,4,0
28,28,Economics,5,0,0,0
29,29,Economics,5,0,0,0
30,30,Economics,5,0,13,0
31,31,Economics,3,0,0,0
32,32,Economics,5,0,9,0
33,33,Economics,2,0,0,0
34,34,Economics,3,0,3,0
35,35,Economics,3,0,3,0
36,36,Economics,4,0,16,1
37,37,Economics,5,0,0,0
38,38,Economics,3,0,3,0
39,39,Economics,15,0,0,0
40,40,Economics,4,0,0,0
41,41,Economics,3,0,0,0
42,42,Economics,10,0,9,0
43,43,Economics,16,0,0,0
44,44,Economics,3,0,0,0
45,45,Economics,9,0,0,0
46,46,Economics,8,1,16,0
47,47,Economics,2,0,3,0
48,48,Economics,4,0,6,0
49,49,Economics,8,0,0,0
50,50,Economics,2,0,0,0
51,51,Economics,3,0,0,0
52,52,Economics,0,0,2,0
53,53,Economics,3,0,0,0
54,54,Economics,0,0,3,0
55,55,Economics,9,0,0,0
56,56,Economics,0,0,0,0
57,57,Economics,20,0,0,0
58,58,Economics,5,0,18,2
59,59,Economics,3,0,0,0
60,60,Economics,4,0,17,1
61,61,Economics,3,0,9,0
62,62,Economics,7,0,0,0
63,63,Economics,3,0,0,0
64,64,Economics,4,0,0,0
65,65,Economics,4,0,12,2
66,66,Economics,1,1,3,0
67,67,Economics,6,0,0,0
68,68,Economics,5,0,3,0
69,69,Economics,3,1,4,0
70,70,Economics,0,1,1,0
71,71,Economics,4,0,0,0
72,72,Economics,0,0,1,0
73,73,Economics,1,0,2,0
74,74,Economics,2,0,0,0
75,75,Economics,8,0,0,0
76,76,Economics,2,0,3,0
77,77,Economics,2,0,1,0
78,78,Economics,1,0,3,0
79,79,Economics,2,0,4,0
80,80,Economics,6,0,0,0
81,81,Economics,2,0,0,0
82,82,Economics,2,0,0,0
83,83,Economics,1,0,2,0
84,84,Economics,1,0,2,0
85,85,Economics,1,0,3,0
86,86,Economics,7,1,11,0
87,87,Economics,2,0,1,0
88,88,Economics,2,0,0,0
89,89,Economics,5,0,0,0
90,90,Economics,3,0,0,0
91,91,Economics,4,0,0,0
92,92,Economics,2,0,0,0
93,93,Economics,1,0,3,0
94,94,Economics,6,0,0,0
95,95,Economics,6,0,0,0
96,96,Economics,1,0,0,0
97,97,Economics,0,0,3,0
98,98,Economics,1,0,2,1
99,99,Economics,1,0,5,0
0,0,Economics History,1,0,0,0
1,1,Economics History,1,0,5,0
2,2,Economics History,4,0,7,0
3,3,Economics History,13,0,0,0
4,4,Economics History,0,0,5,0
5,5,Economics History,0,0,0,0
6,6,Economics History,0,0,0,0
7,7,Economics History,1,0,0,0
8,8,Economics History,4,0,11,1
9,9,Economics History,13,2,17,2
10,10,Economics History,21,0,0,0
11,11,Economics History,2,0,0,0
12,12,Economics History,0,0,0,0
13,13,Economics History,0,1,0,0
14,14,Economics History,0,1,0,0
15,15,Economics History,0,1,0,0
16,16,Economics History,0,1,0,0
17,17,Economics History,1,0,6,0
18,18,Economics History,0,1,6,0
19,19,Economics History,2,0,1,0
20,20,Economics History,0,1,4,0
21,21,Economics History,1,1,2,0
22,22,Economics History,0,1,3,0
23,23,Economics History,1,0,0,0
24,24,Economics History,1,1,10,0
25,25,Economics History,0,1,6,0
26,26,Economics History,0,1,7,0
27,27,Economics History,3,0,0,0
28,28,Economics History,0,1,5,1
29,29,Economics History,0,1,4,0
30,30,Economics History,0,1,8,0
31,31,Economics History,1,0,0,0
32,32,Economics History,2,0,0,0
33,33,Economics History,0,1,16,0
34,34,Economics History,0,1,14,0
35,35,Economics History,1,1,17,1
36,36,Economics History,0,2,21,1
37,37,Economics History,5,2,50,1
38,38,Economics History,0,0,0,0
39,39,Economics History,0,1,0,0
40,40,Economics History,0,1,0,0
41,41,Economics History,0,1,0,0
42,42,Economics History,0,1,0,0
43,43,Economics History,0,0,0,0
44,44,Economics History,0,1,0,0
45,45,Economics History,0,1,0,0
46,46,Economics History,0,1,0,0
47,47,Economics History,0,1,7,0
48,48,Economics History,0,0,2,0
49,49,Economics History,0,1,3,0
50,50,Economics History,0,1,2,0
51,51,Economics History,10,1,15,0
52,52,Economics History,0,0,0,1
53,53,Economics History,4,0,0,0
54,54,Economics History,1,0,0,0
55,55,Economics History,3,0,2,0
56,56,Economics History,9,0,0,0
57,57,Economics History,0,0,1,0
58,58,Economics History,2,1,7,0
59,59,Economics History,7,0,0,0
60,60,Economics History,1,0,0,0
61,61,Economics History,3,0,0,0
62,62,Economics History,1,0,0,0
63,63,Economics History,6,0,0,0
64,64,Economics History,0,0,3,0
65,65,Economics History,1,1,3,1
66,66,Economics History,0,1,3,0
67,67,Economics History,6,2,14,3
68,68,Economics History,0,0,4,0
69,69,Economics History,0,1,5,0
70,70,Economics History,0,1,2,0
71,71,Economics History,0,1,2,0
72,72,Economics History,0,1,5,0
73,73,Economics History,3,1,20,1
74,74,Economics History,3,0,0,0
75,75,Economics History,4,0,0,0
76,76,Economics History,13,0,0,0
77,77,Economics History,2,0,4,0
78,78,Economics History,3,0,0,0
79,79,Economics History,0,2,7,0
80,80,Economics History,0,0,0,0
81,81,Economics History,0,1,0,0
82,82,Economics History,0,1,0,0
83,83,Economics History,0,1,0,0
84,84,Economics History,1,0,0,0
85,85,Economics History,0,0,0,0
86,86,Economics History,1,0,0,0
87,87,Economics History,0,0,0,0
88,88,Economics History,0,1,0,0
89,89,Economics History,0,1,1,1
90,90,Economics History,6,0,0,0
91,91,Economics History,0,0,0,0
92,92,Economics History,0,1,0,0
93,93,Economics History,0,1,0,0
94,94,Economics History,0,1,6,2
95,95,Economics History,6,0,0,0
96,96,Economics History,6,0,6,1
97,97,Economics History,1,0,0,0
98,98,Economics History,1,0,2,0
99,99,Economics History,5,0,0,0
0,0,Finance,5,0,0,0
1,1,Finance,1,0,9,1
2,2,Finance,7,0,0,0
3,3,Finance,1,0,0,0
4,4,Finance,0,0,5,1
5,5,Finance,4,0,0,0
6,6,Finance,7,0,0,0
7,7,Finance,2,0,0,0
8,8,Finance,5,0,0,0
9,9,Finance,3,0,0,0
10,10,Finance,0,0,0,0
11,11,Finance,1,0,3,0
12,12,Finance,0,0,1,1
13,13,Finance,2,0,0,0
14,14,Finance,2,0,0,0
15,15,Finance,2,0,0,0
16,16,Finance,5,0,0,0
17,17,Finance,13,0,0,0
18,18,Finance,19,0,0,0
19,19,Finance,1,0,0,0
20,20,Finance,1,0,0,0
21,21,Finance,9,0,0,0
22,22,Finance,0,0,2,0
23,23,Finance,3,0,0,0
24,24,Finance,2,0,0,0
25,25,Finance,4,0,0,0
26,26,Finance,1,0,2,0
27,27,Finance,5,0,0,0
28,28,Finance,2,0,0,0
29,29,Finance,2,0,0,0
30,30,Finance,7,0,0,0
31,31,Finance,2,0,0,0
32,32,Finance,2,0,0,0
33,33,Finance,4,0,0,0
34,34,Finance,11,0,0,0
35,35,Finance,4,0,0,0
36,36,Finance,2,0,0,0
37,37,Finance,5,0,0,0
38,38,Finance,0,0,0,0
39,39,Finance,0,0,0,0
40,40,Finance,40,0,0,0
41,41,Finance,2,0,0,0
42,42,Finance,10,0,0,0
43,43,Finance,0,0,0,0
44,44,Finance,9,0,0,0
45,45,Finance,2,0,5,0
46,46,Finance,10,0,0,0
47,47,Finance,1,0,0,0
48,48,Finance,4,0,0,0
49,49,Finance,0,0,0,0
50,50,Finance,9,0,0,0
51,51,Finance,2,0,0,0
52,52,Finance,1,0,0,0
53,53,Finance,4,0,0,0
54,54,Finance,2,0,0,0
55,55,Finance,3,0,0,0
56,56,Finance,38,0,0,0
57,57,Finance,1,0,3,0
58,58,Finance,2,0,0,0
59,59,Finance,0,0,1,0
60,60,Finance,0,0,0,0
61,61,Finance,1,0,1,0
62,62,Finance,0,0,0,0
63,63,Finance,0,0,0,0
64,64,Finance,1,1,2,0
65,65,Finance,0,0,0,0
66,66,Finance,6,0,0,0
67,67,Finance,0,0,0,0
68,68,Finance,1,0,0,0
69,69,Finance,4,0,0,0
70,70,Finance,0,0,0,0
71,71,Finance,0,0,0,0
72,72,Finance,5,0,0,0
73,73,Finance,8,0,0,0
74,74,Finance,0,0,2,0
75,75,Finance,2,0,0,0
76,76,Finance,0,0,1,0
77,77,Finance,0,0,1,0
78,78,Finance,9,0,0,0
79,79,Finance,0,0,0,0
80,80,Finance,0,0,1,0
81,81,Finance,0,0,0,0
82,82,Finance,3,0,0,0
83,83,Finance,0,0,0,0
84,84,Finance,0,0,0,0
85,85,Finance,8,0,0,0
86,86,Finance,0,0,0,0
87,87,Finance,15,0,0,0
88,88,Finance,0,0,0,0
89,89,Finance,2,0,0,0
90,90,Finance,0,0,0,0
91,91,Finance,0,0,1,0
92,92,Finance,4,0,0,0
93,93,Finance,4,0,0,0
94,94,Finance,0,0,0,0
95,95,Finance,5,0,0,0
96,96,Finance,17,0,0,0
97,97,Finance,2,0,0,0
98,98,Finance,3,0,0,0
99,99,Finance,4,0,0,0
0,0,Gender Studies,0,1,13,0
1,1,Gender Studies,2,1,8,0
2,2,Gender Studies,0,0,6,0
3,3,Gender Studies,1,0,2,0
4,4,Gender Studies,9,0,0,0
5,5,Gender Studies,2,0,0,0
6,6,Gender Studies,2,0,4,0
7,7,Gender Studies,1,0,16,0
8,8,Gender Studies,8,0,0,0
9,9,Gender Studies,9,0,14,0
10,10,Gender Studies,3,0,0,0
11,11,Gender Studies,1,0,1,0
12,12,Gender Studies,2,0,6,0
13,13,Gender Studies,0,0,1,0
14,14,Gender Studies,3,0,5,0
15,15,Gender Studies,2,0,0,0
16,16,Gender Studies,2,0,0,0
17,17,Gender Studies,8,0,0,0
18,18,Gender Studies,9,0,0,0
19,19,Gender Studies,1,0,1,0
20,20,Gender Studies,0,1,4,0
21,21,Gender Studies,0,0,2,0
22,22,Gender Studies,0,0,1,0
23,23,Gender Studies,5,0,0,0
24,24,Gender Studies,1,0,0,0
25,25,Gender Studies,2,0,0,0
26,26,Gender Studies,0,0,7,0
27,27,Gender Studies,2,1,13,0
28,28,Gender Studies,113,0,0,0
29,29,Gender Studies,0,0,1,0
30,30,Gender Studies,0,0,4,0
31,31,Gender Studies,8,0,0,0
32,32,Gender Studies,11,1,19,2
33,33,Gender Studies,1,0,5,0
34,34,Gender Studies,4,0,13,0
35,35,Gender Studies,4,0,0,0
36,36,Gender Studies,7,0,0,0
37,37,Gender Studies,12,0,0,0
38,38,Gender Studies,7,0,0,0
39,39,Gender Studies,4,0,0,0
40,40,Gender Studies,5,0,6,0
41,41,Gender Studies,10,0,0,0
42,42,Gender Studies,8,0,0,0
43,43,Gender Studies,5,0,0,0
44,44,Gender Studies,8,0,0,0
45,45,Gender Studies,6,0,0,0
46,46,Gender Studies,30,0,43,4
47,47,Gender Studies,5,0,0,0
48,48,Gender Studies,7,0,0,0
49,49,Gender Studies,3,0,6,0
50,50,Gender Studies,1,0,0,0
51,51,Gender Studies,0,0,8,0
52,52,Gender Studies,3,0,0,0
53,53,Gender Studies,1,0,0,0
54,54,Gender Studies,1,0,5,1
55,55,Gender Studies,6,0,0,0
56,56,Gender Studies,412,0,0,0
57,57,Gender Studies,1,2,7,0
58,58,Gender Studies,1,0,0,0
59,59,Gender Studies,0,1,20,0
60,60,Gender Studies,1,0,4,0
61,61,Gender Studies,6,0,0,0
62,62,Gender Studies,20,0,57,5
63,63,Gender Studies,3,0,8,1
64,64,Gender Studies,1,0,8,0
65,65,Gender Studies,2,0,0,0
66,66,Gender Studies,1,0,0,0
67,67,Gender Studies,14,0,0,0
68,68,Gender Studies,2,0,0,0
69,69,Gender Studies,3,0,0,0
70,70,Gender Studies,4,0,0,0
71,71,Gender Studies,1,0,0,0
72,72,Gender Studies,3,0,0,0
73,73,Gender Studies,84,0,0,0
74,74,Gender Studies,1,0,5,0
75,75,Gender Studies,5,0,0,0
76,76,Gender Studies,29,0,0,0
77,77,Gender Studies,8,0,0,0
78,78,Gender Studies,8,0,0,0
79,79,Gender Studies,1,1,4,0
80,80,Gender Studies,0,0,6,0
81,81,Gender Studies,0,0,1,0
82,82,Gender Studies,2,0,3,0
83,83,Gender Studies,6,0,0,0
84,84,Gender Studies,20,0,0,0
85,85,Gender Studies,5,0,0,0
86,86,Gender Studies,12,0,0,0
87,87,Gender Studies,5,0,0,0
88,88,Gender Studies,3,0,0,0
89,89,Gender Studies,1,0,0,0
90,90,Gender Studies,2,0,0,0
91,91,Gender Studies,3,1,6,0
92,92,Gender Studies,4,1,10,2
93,93,Gender Studies,1,1,2,0
94,94,Gender Studies,5,2,14,4
95,95,Gender Studies,75,0,0,0
96,96,Gender Studies,3,0,0,0
97,97,Gender Studies,17,1,19,0
98,98,Gender Studies,6,0,0,0
99,99,Gender Studies,2,0,10,0
0,0,Geography and Environment,0,0,1,0
1,1,Geography and Environment,0,1,11,1
2,2,Geography and Environment,8,0,0,0
3,3,Geography and Environment,0,0,0,0
4,4,Geography and Environment,10,0,0,0
5,5,Geography and Environment,3,0,0,0
6,6,Geography and Environment,1,0,4,1
7,7,Geography and Environment,1,0,0,0
8,8,Geography and Environment,1,0,0,0
9,9,Geography and Environment,2,0,7,0
10,10,Geography and Environment,1,0,0,0
11,11,Geography and Environment,2,0,4,1
12,12,Geography and Environment,0,0,0,0
13,13,Geography and Environment,1,0,0,0
14,14,Geography and Environment,3,0,5,0
15,15,Geography and Environment,2,0,27,0
16,16,Geography and Environment,5,0,0,0
17,17,Geography and Environment,0,0,3,0
18,18,Geography and Environment,2,6,36,1
19,19,Geography and Environment,7,1,47,4
20,20,Geography and Environment,64,0,0,0
21,21,Geography and Environment,15,0,0,0
22,22,Geography and Environment,1,0,14,0
23,23,Geography and Environment,7,0,0,0
24,24,Geography and Environment,5,0,0,0
25,25,Geography and Environment,1,0,0,0
26,26,Geography and Environment,2,0,3,0
27,27,Geography and Environment,8,0,0,0
28,28,Geography and Environment,2,0,0,0
29,29,Geography and Environment,0,0,7,1
30,30,Geography and Environment,5,0,0,0
31,31,Geography and Environment,1,0,1,0
32,32,Geography and Environment,0,0,4,0
33,33,Geography and Environment,3,2,17,1
34,34,Geography and Environment,0,0,1,0
35,35,Geography and Environment,1,0,0,0
36,36,Geography and Environment,2,0,0,0
37,37,Geography and Environment,4,0,0,0
38,38,Geography and Environment,2,0,2,0
39,39,Geography and Environment,20,0,0,0
40,40,Geography and Environment,2,0,0,0
41,41,Geography and Environment,1,0,1,0
42,42,Geography and Environment,18,0,0,0
43,43,Geography and Environment,7,0,0,0
44,44,Geography and Environment,8,0,0,0
45,45,Geography and Environment,0,0,5,0
46,46,Geography and Environment,10,0,0,0
47,47,Geography and Environment,14,0,34,1
48,48,Geography and Environment,3,0,0,0
49,49,Geography and Environment,0,0,2,0
50,50,Geography and Environment,2,0,0,0
51,51,Geography and Environment,2,0,0,0
52,52,Geography and Environment,0,0,1,0
53,53,Geography and Environment,2,0,6,0
54,54,Geography and Environment,3,0,0,0
55,55,Geography and Environment,7,0,0,0
56,56,Geography and Environment,12,0,18,0
57,57,Geography and Environment,7,0,0,0
58,58,Geography and Environment,3,0,0,0
59,59,Geography and Environment,2,0,0,0
60,60,Geography and Environment,6,0,0,0
61,61,Geography and Environment,0,1,7,0
62,62,Geography and Environment,1,0,0,0
63,63,Geography and Environment,12,0,23,1
64,64,Geography and Environment,1,0,2,0
65,65,Geography and Environment,18,0,0,0
66,66,Geography and Environment,4,0,0,0
67,67,Geography and Environment,2,0,2,1
68,68,Geography and Environment,4,0,0,0
69,69,Geography and Environment,3,0,0,0
70,70,Geography and Environment,0,0,0,0
71,71,Geography and Environment,3,0,0,0
72,72,Geography and Environment,9,0,0,0
73,73,Geography and Environment,3,0,0,0
74,74,Geography and Environment,2,0,3,0
75,75,Geography and Environment,36,0,0,0
76,76,Geography and Environment,3,0,5,0
77,77,Geography and Environment,10,0,0,0
78,78,Geography and Environment,4,0,0,0
79,79,Geography and Environment,7,0,0,0
80,80,Geography and Environment,5,0,0,0
81,81,Geography and Environment,1,0,0,0
82,82,Geography and Environment,6,0,20,4
83,83,Geography and Environment,7,0,5,0
84,84,Geography and Environment,4,0,0,0
85,85,Geography and Environment,0,0,0,0
86,86,Geography and Environment,1,1,14,1
87,87,Geography and Environment,0,0,1,0
88,88,Geography and Environment,0,0,1,0
89,89,Geography and Environment,0,0,3,0
90,90,Geography and Environment,2,0,10,1
91,91,Geography and Environment,2,0,6,0
92,92,Geography and Environment,1,0,0,0
93,93,Geography and Environment,0,0,1,0
94,94,Geography and Environment,4,0,0,0
95,95,Geography and Environment,3,0,10,0
96,96,Geography and Environment,36,0,0,0
97,97,Geography and Environment,7,0,0,0
98,98,Geography and Environment,7,0,0,0
99,99,Geography and Environment,5,0,0,0
0,0,Government,0,0,0,0
1,1,Government,0,0,2,0
2,2,Government,0,0,1,0
3,3,Government,1,0,3,0
4,4,Government,0,0,2,0
5,5,Government,0,0,0,0
6,6,Government,0,0,2,0
7,7,Government,1,1,7,2
8,8,Government,2,0,3,0
9,9,Government,1,0,0,0
10,10,Government,2,0,0,0
11,11,Government,2,0,0,0
12,12,Government,0,0,3,0
13,13,Government,2,0,0,0
14,14,Government,5,0,0,0
15,15,Government,4,0,0,0
16,16,Government,2,0,0,0
17,17,Government,5,0,0,0
18,18,Government,3,0,0,0
19,19,Government,0,0,1,0
20,20,Government,0,0,2,0
21,21,Government,1,0,0,0
22,22,Government,3,0,0,0
23,23,Government,2,0,0,0
24,24,Government,8,0,0,0
25,25,Government,1,0,0,0
26,26,Government,10,0,0,0
27,27,Government,0,0,0,0
28,28,Government,1,0,3,0
29,29,Government,7,0,0,0
30,30,Government,0,0,2,0
31,31,Government,12,0,0,0
32,32,Government,3,0,8,0
33,33,Government,2,0,2,0
34,34,Government,1,0,0,0
35,35,Government,4,0,0,0
36,36,Government,0,0,0,0
37,37,Government,0,0,2,0
38,38,Government,1,0,3,0
39,39,Government,0,0,1,0
40,40,Government,1,0,0,0
41,41,Government,5,0,0,0
42,42,Government,2,0,0,0
43,43,Government,9,0,0,0
44,44,Government,5,0,0,0
45,45,Government,0,0,3,0
46,46,Government,33,0,0,0
47,47,Government,9,0,0,0
48,48,Government,8,0,0,0
49,49,Government,4,0,0,0
50,50,Government,1,0,2,0
51,51,Government,0,0,1,0
52,52,Government,18,0,0,0
53,53,Government,0,0,2,0
54,54,Government,1,0,3,0
55,55,Government,8,0,0,0
56,56,Government,1,0,0,0
57,57,Government,3,0,0,0
58,58,Government,0,0,1,0
59,59,Government,3,0,0,0
60,60,Government,0,1,2,1
61,61,Government,4,0,0,0
62,62,Government,3,0,0,0
63,63,Government,10,0,0,0
64,64,Government,0,0,0,0
65,65,Government,5,0,8,0
66,66,Government,2,0,0,0
67,67,Government,1,0,0,0
68,68,Government,1,0,1,0
69,69,Government,1,0,2,0
70,70,Government,1,0,2,0
71,71,Government,3,0,0,0
72,72,Government,2,0,0,0
73,73,Government,7,0,0,0
74,74,Government,1,0,0,0
75,75,Government,2,0,0,0
76,76,Government,3,0,3,0
77,77,Government,6,0,0,0
78,78,Government,10,0,0,0
79,79,Government,8,0,0,0
80,80,Government,6,0,0,0
81,81,Government,2,0,0,0
82,82,Government,0,0,1,0
83,83,Government,2,0,0,0
84,84,Government,2,0,3,0
85,85,Government,7,0,0,0
86,86,Government,1,0,3,0
87,87,Government,27,0,0,0
88,88,Government,0,0,0,0
89,89,Government,0,1,1,0
90,90,Government,5,1,6,1
91,91,Government,3,0,0,0
92,92,Government,1,0,5,0
93,93,Government,6,0,0,0
94,94,Government,3,0,3,0
95,95,Government,2,0,14,0
96,96,Government,1,0,1,0
97,97,Government,0,0,0,0
98,98,Government,0,0,0,0
99,99,Government,0,1,2,0
0,0,Health Policy,4,0,0,0
1,1,Health Policy,0,0,0,0
2,2,Health Policy,3,0,6,0
3,3,Health Policy,0,0,1,0
4,4,Health Policy,2,0,0,0
5,5,Health Policy,5,0,0,0
6,6,Health Policy,0,0,1,0
7,7,Health Policy,1,0,3,0
8,8,Health Policy,7,1,7,0
9,9,Health Policy,1,0,3,0
10,10,Health Policy,0,0,1,0
11,11,Health Policy,4,0,3,0
12,12,Health Policy,2,0,3,0
13,13,Health Policy,3,0,2,0
14,14,Health Policy,4,0,8,0
15,15,Health Policy,4,0,8,0
16,16,Health Policy,3,0,18,0
17,17,Health Policy,1,0,4,0
18,18,Health Policy,9,0,3,0
19,19,Health Policy,5,0,0,0
20,20,Health Policy,2,0,0,0
21,21,Health Policy,3,0,9,0
22,22,Health Policy,0,0,2,0
23,23,Health Policy,9,0,12,0
24,24,Health Policy,1,1,11,2
25,25,Health Policy,3,0,3,0
26,26,Health Policy,12,0,23,0
27,27,Health Policy,1,0,4,0
28,28,Health Policy,1,0,2,0
29,29,Health Policy,0,0,0,0
30,30,Health Policy,6,0,12,0
31,31,Health Policy,35,0,0,0
32,32,Health Policy,8,0,10,0
33,33,Health Policy,7,1,9,2
34,34,Health Policy,1,0,24,0
35,35,Health Policy,1,0,0,0
36,36,Health Policy,5,0,0,0
37,37,Health Policy,2,0,0,0
38,38,Health Policy,0,0,5,0
39,39,Health Policy,9,0,0,0
40,40,Health Policy,13,0,21,0
41,41,Health Policy,1,0,0,0
42,42,Health Policy,0,0,1,0
43,43,Health Policy,1,0,0,0
44,44,Health Policy,17,0,0,0
45,45,Health Policy,2,1,17,0
46,46,Health Policy,3,1,5,0
47,47,Health Policy,1,0,5,1
48,48,Health Policy,1,0,2,0
49,49,Health Policy,1,0,3,0
50,50,Health Policy,2,0,0,0
51,51,Health Policy,1,0,2,0
52,52,Health Policy,0,0,0,0
53,53,Health Policy,1,0,4,0
54,54,Health Policy,1,1,4,0
55,55,Health Policy,8,0,12,0
56,56,Health Policy,2,0,0,0
57,57,Health Policy,0,0,3,0
58,58,Health Policy,1,0,2,0
59,59,Health Policy,0,0,3,0
60,60,Health Policy,1,0,1,0
61,61,Health Policy,0,0,3,1
62,62,Health Policy,3,1,12,2
63,63,Health Policy,0,0,0,0
64,64,Health Policy,4,0,0,0
65,65,Health Policy,9,0,0,0
66,66,Health Policy,0,0,0,0
67,67,Health Policy,2,0,10,0
68,68,Health Policy,4,0,0,0
69,69,Health Policy,0,0,0,0
70,70,Health Policy,8,0,0,0
71,71,Health Policy,21,0,0,0
72,72,Health Policy,1,0,6,0
73,73,Health Policy,0,0,0,0
74,74,Health Policy,0,1,0,0
75,75,Health Policy,0,1,0,0
76,76,Health Policy,0,1,0,0
77,77,Health Policy,0,1,0,0
78,78,Health Policy,0,1,0,0
79,79,Health Policy,4,1,5,0
80,80,Health Policy,1,0,2,0
81,81,Health Policy,0,0,3,0
82,82,Health Policy,6,0,3,0
83,83,Health Policy,3,0,6,0
84,84,Health Policy,7,1,22,0
85,85,Health Policy,3,0,6,0
86,86,Health Policy,4,1,19,0
87,87,Health Policy,2,0,1,1
88,88,Health Policy,0,0,0,0
89,89,Health Policy,0,1,1,0
90,90,Health Policy,1,0,4,1
91,91,Health Policy,0,1,2,0
92,92,Health Policy,3,0,0,0
93,93,Health Policy,0,1,4,0
94,94,Health Policy,1,0,0,0
95,95,Health Policy,5,0,2,0
96,96,Health Policy,0,0,1,0
97,97,Health Policy,0,1,0,0
98,98,Health Policy,0,1,2,0
99,99,Health Policy,0,1,0,0
0,0,International Development,0,0,0,0
1,1,International Development,3,0,0,0
2,2,International Development,2,0,0,0
3,3,International Development,2,0,0,0
4,4,International Development,4,0,0,0
5,5,International Development,0,0,2,0
6,6,International Development,0,0,0,0
7,7,International Development,3,0,4,0
8,8,International Development,0,0,3,0
9,9,International Development,1,0,0,0
10,10,International Development,1,0,2,0
11,11,International Development,0,0,0,0
12,12,International Development,0,0,1,0
13,13,International Development,0,0,0,0
14,14,International Development,0,0,0,0
15,15,International Development,0,0,2,0
16,16,International Development,0,0,0,0
17,17,International Development,6,0,16,1
18,18,International Development,1,0,0,0
19,19,International Development,0,0,2,0
20,20,International Development,5,0,0,0
21,21,International Development,5,0,6,0
22,22,International Development,2,0,0,0
23,23,International Development,0,0,0,0
24,24,International Development,3,0,1,0
25,25,International Development,1,0,3,0
26,26,International Development,0,0,1,0
27,27,International Development,3,0,0,0
28,28,International Development,8,1,9,0
29,29,International Development,1,0,1,0
30,30,International Development,0,0,0,0
31,31,International Development,0,0,0,0
32,32,International Development,10,0,8,0
33,33,International Development,1,1,1,0
34,34,International Development,1,0,0,0
35,35,International Development,0,0,0,0
36,36,International Development,0,1,0,0
37,37,International Development,3,0,0,0
38,38,International Development,2,0,0,0
39,39,International Development,0,0,0,0
40,40,International Development,1,0,0,0
41,41,International Development,0,0,0,0
42,42,International Development,2,0,0,0
43,43,International Development,2,1,3,2
44,44,International Development,1,0,1,0
45,45,International Development,0,0,1,0
46,46,International Development,1,0,1,1
47,47,International Development,0,0,0,0
48,48,International Development,13,0,17,2
49,49,International Development,0,0,3,0
50,50,International Development,3,0,0,0
51,51,International Development,3,0,7,1
52,52,International Development,1,0,0,0
53,53,International Development,0,0,2,0
54,54,International Development,11,0,0,0
55,55,International Development,5,0,10,0
56,56,International Development,5,0,0,0
57,57,International Development,2,0,0,0
58,58,International Development,0,0,2,0
59,59,International Development,1,0,0,0
60,60,International Development,0,0,1,0
61,61,International Development,12,0,0,0
62,62,International Development,6,0,0,0
63,63,International Development,0,0,0,0
64,64,International Development,0,0,1,0
65,65,International Development,0,0,0,0
66,66,International Development,4,0,0,0
67,67,International Development,9,0,12,0
68,68,International Development,7,0,0,0
69,69,International Development,1,0,2,0
70,70,International Development,2,0,0,0
71,71,International Development,0,0,2,0
72,72,International Development,21,0,0,0
73,73,International Development,0,0,4,1
74,74,International Development,0,0,0,0
75,75,International Development,1,0,2,0
76,76,International Development,0,0,0,0
77,77,International Development,5,0,0,0
78,78,International Development,5,0,10,0
79,79,International Development,2,0,0,0
80,80,International Development,2,0,4,0
81,81,International Development,9,0,0,0
82,82,International Development,0,0,1,0
83,83,International Development,40,0,0,0
84,84,International Development,2,0,3,0
85,85,International Development,0,0,1,0
86,86,International Development,9,0,0,0
87,87,International Development,0,0,7,0
88,88,International Development,2,0,2,0
89,89,International Development,6,0,0,0
90,90,International Development,2,0,0,0
91,91,International Development,1,0,0,0
92,92,International Development,1,0,2,0
93,93,International Development,6,0,0,0
94,94,International Development,0,0,0,0
95,95,International Development,3,0,0,0
96,96,International Development,0,0,0,0
97,97,International Development,9,0,0,0
98,98,International Development,0,0,0,0
99,99,International Development,0,0,0,0
0,0,International History,5,0,0,0
1,1,International History,0,0,4,1
2,2,International History,1,0,2,0
3,3,International History,0,0,0,0
4,4,International History,2,0,4,0
5,5,International History,2,0,0,0
6,6,International History,4,0,0,0
7,7,International History,6,0,0,0
8,8,International History,3,0,0,0
9,9,International History,1,0,0,0
10,10,International History,1,0,0,0
11,11,International History,0,0,1,0
12,12,International History,3,0,4,0
13,13,International History,0,0,2,0
14,14,International History,0,0,1,0
15,15,International History,0,0,1,0
16,16,International History,0,0,0,0
17,17,International History,1,1,2,0
18,18,International History,10,0,0,0
19,19,International History,1,0,7,1
20,20,International History,3,0,10,0
21,21,International History,0,0,1,0
22,22,International History,0,0,2,0
23,23,International History,0,0,1,0
24,24,International History,3,0,0,0
25,25,International History,1,0,1,0
26,26,International History,1,0,1,0
27,27,International History,10,0,0,0
28,28,International History,2,0,1,0
29,29,International History,0,0,2,0
30,30,International History,1,0,1,0
31,31,International History,0,0,1,0
32,32,International History,1,0,0,0
33,33,International History,2,0,0,0
34,34,International History,0,0,2,0
35,35,International History,0,0,2,0
36,36,International History,1,0,6,0
37,37,International History,0,0,1,0
38,38,International History,1,0,0,0
39,39,International History,0,0,1,0
40,40,International History,1,0,0,0
41,41,International History,2,0,9,0
42,42,International History,0,0,0,0
43,43,International History,0,0,2,0
44,44,International History,1,0,3,0
45,45,International History,8,0,0,0
46,46,International History,0,0,2,0
47,47,International History,3,0,7,0
48,48,International History,2,0,0,0
49,49,International History,1,0,0,0
50,50,International History,3,0,4,0
51,51,International History,1,0,0,0
52,52,International History,0,0,1,0
53,53,International History,4,0,0,0
54,54,International History,0,0,2,0
55,55,International History,1,0,0,0
56,56,International History,1,0,2,0
57,57,International History,0,1,1,0
58,58,International History,0,0,1,0
59,59,International History,0,0,3,0
60,60,International History,8,0,0,0
61,61,International History,0,0,1,0
62,62,International History,0,0,0,0
63,63,International History,2,1,0,0
64,64,International History,0,0,0,0
65,65,International History,0,0,2,0
66,66,International History,1,0,2,0
67,67,International History,6,0,0,0
68,68,International History,0,0,1,0
69,69,International History,0,1,2,0
70,70,International History,1,0,2,0
71,71,International History,0,0,0,0
72,72,International History,0,0,0,0
73,73,International History,0,0,0,0
74,74,International History,0,0,0,0
75,75,International History,1,0,2,0
76,76,International History,3,0,0,0
77,77,International History,2,0,0,0
78,78,International History,1,0,0,0
79,79,International History,4,0,0,0
80,80,International History,10,0,0,0
81,81,International History,0,0,0,0
82,82,International History,3,0,0,0
83,83,International History,0,0,1,0
84,84,International History,0,0,1,0
85,85,International History,1,0,0,0
86,86,International History,0,1,0,0
87,87,International History,0,0,0,0
88,88,International History,1,1,1,0
89,89,International History,0,0,0,0
90,90,International History,2,0,0,0
91,91,International History,4,0,0,0
92,92,International History,1,0,0,0
93,93,International History,0,0,0,0
94,94,International History,2,0,2,0
95,95,International History,0,0,1,0
96,96,International History,0,0,0,0
97,97,International History,0,0,2,0
98,98,International History,0,0,0,0
99,99,International History,1,0,2,0
0,0,International Relations,3,0,0,0
1,1,International Relations,3,0,0,0
2,2,International Relations,2,0,0,0
3,3,International Relations,6,0,0,0
4,4,International Relations,0,0,0,0
5,5,International Relations,2,0,0,0
6,6,International Relations,1,0,1,0
7,7,International Relations,1,0,2,0
8,8,International Relations,3,0,0,0
9,9,International Relations,0,0,3,0
10,10,International Relations,4,0,0,0
11,11,International Relations,0,0,4,0
12,12,International Relations,3,0,4,1
13,13,International Relations,1,0,0,0
14,14,International Relations,6,0,7,0
15,15,International Relations,1,0,1,0
16,16,International Relations,1,0,4,0
17,17,International Relations,4,0,10,0
18,18,International Relations,1,0,1,0
19,19,International Relations,0,0,0,0
20,20,International Relations,8,0,0,0
21,21,International Relations,59,0,0,0
22,22,International Relations,4,0,7,0
23,23,International Relations,3,1,65,0
24,24,International Relations,2,0,0,0
25,25,International Relations,2,0,0,0
26,26,International Relations,4,0,0,0
27,27,International Relations,14,0,0,0
28,28,International Relations,9,0,13,2
29,29,International Relations,46,0,0,0
30,30,International Relations,0,0,0,0
31,31,International Relations,0,0,2,0
32,32,International Relations,0,0,4,0
33,33,International Relations,4,0,0,0
34,34,International Relations,4,2,18,0
35,35,International Relations,1,0,0,0
36,36,International Relations,13,0,0,0
37,37,International Relations,0,0,0,0
38,38,International Relations,1,0,2,0
39,39,International Relations,3,0,0,0
40,40,International Relations,1,0,0,0
41,41,International Relations,2,0,0,0
42,42,International Relations,1,0,0,0
43,43,International Relations,2,0,6,0
44,44,International Relations,0,0,1,0
45,45,International Relations,12,0,0,0
46,46,International Relations,0,0,0,1
47,47,International Relations,0,0,1,0
48,48,International Relations,0,0,3,0
49,49,International Relations,3,0,7,1
50,50,International Relations,3,0,0,0
51,51,International Relations,0,0,0,0
52,52,International Relations,8,0,0,0
53,53,International Relations,1,0,3,0
54,54,International Relations,11,0,0,0
55,55,International Relations,3,0,0,0
56,56,International Relations,1,0,1,0
57,57,International Relations,2,0,5,0
58,58,International Relations,8,0,0,0
59,59,International Relations,5,0,0,0
60,60,International Relations,0,0,0,0
61,61,International Relations,0,0,2,0
62,62,International Relations,18,1,21,2
63,63,International Relations,21,0,0,0
64,64,International Relations,12,0,0,0
65,65,International Relations,2,0,8,1
66,66,International Relations,0,0,0,0
67,67,International Relations,0,0,0,0
68,68,International Relations,0,0,0,0
69,69,International Relations,5,0,0,0
70,70,International Relations,0,0,0,0
71,71,International Relations,2,0,1,0
72,72,International Relations,0,0,0,0
73,73,International Relations,1,0,0,0
74,74,International Relations,1,0,0,0
75,75,International Relations,7,0,0,0
76,76,International Relations,4,0,0,0
77,77,International Relations,7,0,0,0
78,78,International Relations,0,0,0,0
79,79,International Relations,1,0,0,0
80,80,International Relations,2,0,0,0
81,81,International Relations,0,0,0,0
82,82,International Relations,8,1,12,1
83,83,International Relations,2,0,1,0
84,84,International Relations,2,0,0,0
85,85,International Relations,9,0,0,0
86,86,International Relations,0,0,2,0
87,87,International Relations,2,0,6,0
88,88,International Relations,0,0,1,0
89,89,International Relations,3,1,5,0
90,90,International Relations,227,0,0,0
91,91,International Relations,0,0,1,0
92,92,International Relations,9,0,0,0
93,93,International Relations,1,0,2,0
94,94,International Relations,0,0,1,0
95,95,International Relations,0,0,2,1
96,96,International Relations,2,0,0,0
97,97,International Relations,0,0,1,0
98,98,International Relations,2,1,3,1
99,99,International Relations,7,0,0,0
0,0,Language Centre,0,0,1,0
1,1,Language Centre,0,0,0,1
2,2,Language Centre,0,0,0,0
3,3,Language Centre,0,0,1,0
4,4,Language Centre,0,0,0,0
5,5,Language Centre,0,0,0,0
6,6,Language Centre,0,0,0,0
7,7,Language Centre,0,0,0,0
8,8,Language Centre,1,0,1,0
9,9,Language Centre,1,0,4,0
10,10,Language Centre,0,0,0,0
11,11,Language Centre,0,0,0,0
12,12,Language Centre,0,0,1,0
13,13,Language Centre,0,0,1,0
14,14,Language Centre,0,0,0,0
15,15,Language Centre,0,0,1,0
16,16,Language Centre,1,0,2,0
17,17,Language Centre,1,0,0,0
18,18,Language Centre,2,0,2,0
19,19,Language Centre,0,0,1,0
20,20,Language Centre,1,0,2,0
21,21,Language Centre,7,0,0,0
22,22,Language Centre,1,0,1,0
23,23,Language Centre,1,0,2,0
24,24,Language Centre,0,0,1,1
25,25,Language Centre,2,0,0,0
26,26,Language Centre,0,0,0,0
27,27,Language Centre,0,0,0,0
28,28,Language Centre,0,0,0,0
29,29,Language Centre,0,0,0,0
30,30,Language Centre,0,0,0,0
31,31,Language Centre,0,0,0,0
32,32,Language Centre,0,0,0,0
33,33,Language Centre,0,0,1,0
34,34,Language Centre,0,0,0,0
35,35,Language Centre,0,0,2,0
36,36,Language Centre,0,0,0,0
37,37,Language Centre,0,0,0,0
38,38,Language Centre,63,0,0,0
39,39,Language Centre,0,0,1,0
40,40,Language Centre,0,0,1,0
41,41,Language Centre,0,0,0,1
42,42,Language Centre,0,0,0,0
43,43,Language Centre,0,0,0,0
44,44,Language Centre,116,0,0,0
45,45,Language Centre,3,0,0,0
46,46,Language Centre,1,0,0,0
47,47,Language Centre,0,0,2,0
48,48,Language Centre,0,0,0,0
49,49,Language Centre,0,0,2,0
50,50,Language Centre,0,0,0,0
51,51,Language Centre,0,0,0,0
52,52,Language Centre,1,0,1,0
53,53,Language Centre,0,0,0,0
54,54,Language Centre,0,0,0,0
55,55,Language Centre,1,0,0,0
56,56,Language Centre,0,0,1,0
57,57,Language Centre,0,0,0,0
58,58,Language Centre,0,0,0,0
59,59,Language Centre,1,0,1,0
60,60,Language Centre,0,0,0,0
61,61,Language Centre,0,0,0,0
62,62,Language Centre,0,0,1,0
63,63,Language Centre,0,0,1,0
64,64,Language Centre,0,0,0,0
65,65,Language Centre,0,0,1,0
66,66,Language Centre,0,0,0,0
67,67,Language Centre,0,0,0,0
68,68,Language Centre,0,0,0,0
69,69,Language Centre,2,0,2,0
70,70,Language Centre,2,0,0,0
71,71,Language Centre,4,0,0,0
72,72,Language Centre,2,0,0,0
73,73,Language Centre,0,0,0,0
74,74,Language Centre,1,0,6,1
75,75,Language Centre,0,0,1,0
76,76,Language Centre,2,0,0,0
77,77,Language Centre,0,0,1,0
78,78,Language Centre,1,0,1,0
79,79,Language Centre,1,0,1,1
80,80,Language Centre,0,0,0,0
81,81,Language Centre,20,0,0,0
82,82,Language Centre,0,0,2,0
83,83,Language Centre,0,0,1,0
84,84,Language Centre,1,0,0,0
85,85,Language Centre,1,0,0,0
86,86,Language Centre,0,0,1,0
87,87,Language Centre,15,0,0,0
88,88,Language Centre,16,0,0,0
89,89,Language Centre,0,0,2,0
90,90,Language Centre,1,0,4,0
91,91,Language Centre,1,0,4,0
92,92,Language Centre,0,0,2,0
93,93,Language Centre,0,0,2,0
94,94,Language Centre,0,0,2,0
95,95,Language Centre,0,0,2,0
96,96,Language Centre,0,0,2,1
97,97,Language Centre,0,0,0,0
98,98,Language Centre,1,0,2,0
99,99,Language Centre,0,0,0,0
0,0,LSE Law School,2,0,2,0
1,1,LSE Law School,0,0,4,0
2,2,LSE Law School,2,0,5,0
3,3,LSE Law School,2,0,0,0
4,4,LSE Law School,10,0,0,0
5,5,LSE Law School,1,0,0,0
6,6,LSE Law School,1,0,0,0
7,7,LSE Law School,1,0,0,0
8,8,LSE Law School,7,0,0,0
9,9,LSE Law School,2,0,0,0
10,10,LSE Law School,2,0,0,0
11,11,LSE Law School,2,0,0,0
12,12,LSE Law School,3,0,6,0
13,13,LSE Law School,2,0,0,0
14,14,LSE Law School,24,0,0,0
15,15,LSE Law School,1,0,0,0
16,16,LSE Law School,4,0,0,0
17,17,LSE Law School,1,0,0,0
18,18,LSE Law School,15,0,0,0
19,19,LSE Law School,11,0,0,0
20,20,LSE Law School,9,1,26,0
21,21,LSE Law School,7,0,0,0
22,22,LSE Law School,6,0,0,0
23,23,LSE Law School,4,0,0,0
24,24,LSE Law School,2,0,0,0
25,25,LSE Law School,4,0,0,0
26,26,LSE Law School,1,0,0,0
27,27,LSE Law School,1,0,0,0
28,28,LSE Law School,1,0,0,0
29,29,LSE Law School,4,0,0,0
30,30,LSE Law School,6,0,0,0
31,31,LSE Law School,1,0,5,0
32,32,LSE Law School,0,0,1,0
33,33,LSE Law School,7,0,0,0
34,34,LSE Law School,1,0,2,0
35,35,LSE Law School,2,0,0,0
36,36,LSE Law School,1,0,3,0
37,37,LSE Law School,1,0,0,0
38,38,LSE Law School,3,0,0,0
39,39,LSE Law School,9,0,0,0
40,40,LSE Law School,3,0,27,1
41,41,LSE Law School,5,0,0,0
42,42,LSE Law School,1,0,0,0
43,43,LSE Law School,5,0,0,0
44,44,LSE Law School,2,0,0,0
45,45,LSE Law School,1,1,6,0
46,46,LSE Law School,1,0,0,0
47,47,LSE Law School,0,0,3,0
48,48,LSE Law School,0,0,0,0
49,49,LSE Law School,33,0,0,0
50,50,LSE Law School,12,0,0,0
51,51,LSE Law School,3,0,0,0
52,52,LSE Law School,3,1,8,0
53,53,LSE Law School,21,0,0,0
54,54,LSE Law School,1,0,0,0
55,55,LSE Law School,0,0,1,0
56,56,LSE Law School,1,0,0,0
57,57,LSE Law School,8,0,0,0
58,58,LSE Law School,0,0,3,0
59,59,LSE Law School,1,0,0,0
60,60,LSE Law School,30,1,37,4
61,61,LSE Law School,18,0,0,0
62,62,LSE Law School,0,0,5,0
63,63,LSE Law School,10,0,0,0
64,64,LSE Law School,1,0,2,1
65,65,LSE Law School,1,0,0,0
66,66,LSE Law School,2,0,0,0
67,67,LSE Law School,7,0,0,0
68,68,LSE Law School,4,0,0,0
69,69,LSE Law School,18,0,0,0
70,70,LSE Law School,1,0,0,0
71,71,LSE Law School,3,0,0,0
72,72,LSE Law School,6,0,0,0
73,73,LSE Law School,2,0,0,0
74,74,LSE Law School,14,0,0,0
75,75,LSE Law School,2,0,0,0
76,76,LSE Law School,0,0,1,0
77,77,LSE Law School,6,0,0,0
78,78,LSE Law School,4,0,9,1
79,79,LSE Law School,4,0,9,1
80,80,LSE Law School,2,0,0,0
81,81,LSE Law School,1,0,0,0
82,82,LSE Law School,3,0,0,0
83,83,LSE Law School,4,0,0,0
84,84,LSE Law School,3,0,0,0
85,85,LSE Law School,1,0,0,0
86,86,LSE Law School,2,0,0,0
87,87,LSE Law School,10,0,0,0
88,88,LSE Law School,2,0,2,0
89,89,LSE Law School,1,0,0,0
90,90,LSE Law School,6,0,0,0
91,91,LSE Law School,6,3,5,0
92,92,LSE Law School,12,0,0,0
93,93,LSE Law School,2,0,0,0
94,94,LSE Law School,8,0,0,0
95,95,LSE Law School,7,0,0,0
96,96,LSE Law School,1,0,0,0
97,97,LSE Law School,3,0,0,0
98,98,LSE Law School,13,0,0,0
99,99,LSE Law School,0,1,0,0
0,0,Management,0,0,0,0
1,1,Management,0,0,1,0
2,2,Management,0,0,0,0
3,3,Management,1,0,2,0
4,4,Management,4,0,0,0
5,5,Management,0,0,2,0
6,6,Management,0,0,0,0
7,7,Management,4,0,9,1
8,8,Management,0,0,7,0
9,9,Management,0,0,0,0
10,10,Management,0,0,0,0
11,11,Management,0,0,0,0
12,12,Management,0,0,1,0
13,13,Management,0,0,1,0
14,14,Management,2,0,3,0
15,15,Management,0,0,0,0
16,16,Management,1,0,0,0
17,17,Management,4,0,4,0
18,18,Management,0,0,0,0
19,19,Management,0,0,0,0
20,20,Management,1,0,3,1
21,21,Management,1,0,2,0
22,22,Management,0,0,0,0
23,23,Management,0,0,1,0
24,24,Management,2,0,0,0
25,25,Management,0,0,0,0
26,26,Management,0,0,2,0
27,27,Management,0,0,0,0
28,28,Management,0,0,0,0
29,29,Management,0,0,0,0
30,30,Management,0,0,0,0
31,31,Management,0,0,0,0
32,32,Management,0,0,0,0
33,33,Management,0,0,0,0
34,34,Management,3,0,0,0
35,35,Management,0,0,1,0
36,36,Management,0,0,0,0
37,37,Management,1,0,0,0
38,38,Management,1,0,1,0
39,39,Management,1,0,0,0
40,40,Management,1,0,0,0
41,41,Management,0,0,0,0
42,42,Management,0,0,0,0
43,43,Management,0,0,1,0
44,44,Management,1,0,0,0
45,45,Management,1,0,3,0
46,46,Management,2,2,4,0
47,47,Management,0,0,0,0
48,48,Management,0,0,0,0
49,49,Management,2,0,2,0
50,50,Management,0,0,1,0
51,51,Management,4,0,2,0
52,52,Management,1,1,1,0
53,53,Management,0,0,0,0
54,54,Management,0,0,0,1
55,55,Management,0,0,0,0
56,56,Management,0,0,0,0
57,57,Management,0,0,0,0
58,58,Management,0,0,0,0
59,59,Management,0,0,1,0
60,60,Management,0,0,0,0
61,61,Management,0,0,0,0
62,62,Management,0,0,0,0
63,63,Management,0,0,1,0
64,64,Management,0,0,0,0
65,65,Management,0,0,0,0
66,66,Management,1,0,2,0
67,67,Management,0,0,1,0
68,68,Management,0,0,0,0
69,69,Management,1,0,3,0
70,70,Management,0,0,0,0
71,71,Management,0,0,0,0
72,72,Management,0,0,0,0
73,73,Management,2,0,5,0
74,74,Management,0,0,0,0
75,75,Management,0,1,2,1
76,76,Management,1,0,2,0
77,77,Management,1,0,2,0
78,78,Management,1,0,1,0
79,79,Management,0,0,1,0
80,80,Management,2,0,6,0
81,81,Management,0,0,0,0
82,82,Management,0,0,2,0
83,83,Management,1,0,2,0
84,84,Management,1,0,2,0
85,85,Management,0,0,1,0
86,86,Management,1,0,1,0
87,87,Management,0,0,1,0
88,88,Management,0,0,1,0
89,89,Management,2,0,0,0
90,90,Management,0,0,2,0
91,91,Management,0,0,1,0
92,92,Management,1,0,0,0
93,93,Management,0,0,0,0
94,94,Management,0,0,0,0
95,95,Management,3,0,4,0
96,96,Management,1,0,0,0
97,97,Management,3,0,0,0
98,98,Management,0,0,0,0
99,99,Management,4,0,0,0
0,0,Mathematics,3,0,0,0
1,1,Mathematics,8,0,0,0
2,2,Mathematics,1,0,0,0
3,3,Mathematics,0,0,1,0
4,4,Mathematics,2,0,4,0
5,5,Mathematics,2,0,0,0
6,6,Mathematics,0,0,2,0
7,7,Mathematics,0,0,1,0
8,8,Mathematics,6,0,0,0
9,9,Mathematics,14,0,0,0
10,10,Mathematics,2,0,0,0
11,11,Mathematics,0,0,2,0
12,12,Mathematics,2,0,0,0
13,13,Mathematics,1,0,0,0
14,14,Mathematics,2,0,2,0
15,15,Mathematics,5,0,0,0
16,16,Mathematics,2,0,1,0
17,17,Mathematics,2,0,6,0
18,18,Mathematics,2,0,0,0
19,19,Mathematics,5,0,0,0
20,20,Mathematics,1,0,0,0
21,21,Mathematics,1,0,7,0
22,22,Mathematics,0,0,5,0
23,23,Mathematics,0,1,3,0
24,24,Mathematics,0,1,3,0
25,25,Mathematics,0,1,1,0
26,26,Mathematics,0,1,4,0
27,27,Mathematics,0,1,2,0
28,28,Mathematics,0,1,2,0
29,29,Mathematics,1,1,2,1
30,30,Mathematics,15,1,42,2
31,31,Mathematics,3,0,0,0
32,32,Mathematics,0,0,0,0
33,33,Mathematics,2,0,0,0
34,34,Mathematics,7,0,11,3
35,35,Mathematics,0,0,2,0
36,36,Mathematics,2,0,0,0
37,37,Mathematics,18,0,0,0
38,38,Mathematics,15,0,0,0
39,39,Mathematics,3,0,0,0
40,40,Mathematics,0,0,3,0
41,41,Mathematics,3,0,0,0
42,42,Mathematics,2,0,0,0
43,43,Mathematics,220,0,0,0
44,44,Mathematics,2,0,0,0
45,45,Mathematics,6,0,0,0
46,46,Mathematics,1,0,0,0
47,47,Mathematics,2,0,3,0
48,48,Mathematics,2,0,0,0
49,49,Mathematics,1,0,0,0
50,50,Mathematics,1,0,0,0
51,51,Mathematics,36,4,116,6
52,52,Mathematics,1,0,0,0
53,53,Mathematics,0,0,0,0
54,54,Mathematics,1,0,0,0
55,55,Mathematics,1,0,3,0
56,56,Mathematics,1,0,0,0
57,57,Mathematics,5,0,0,0
58,58,Mathematics,4,0,0,0
59,59,Mathematics,4,0,0,0
60,60,Mathematics,26,0,0,0
61,61,Mathematics,9,0,0,0
62,62,Mathematics,1,0,1,0
63,63,Mathematics,4,0,6,0
64,64,Mathematics,3,0,0,0
65,65,Mathematics,89,4,423,10
66,66,Mathematics,4,0,0,0
67,67,Mathematics,0,0,1,0
68,68,Mathematics,3,0,14,1
69,69,Mathematics,6,0,0,0
70,70,Mathematics,9,0,0,0
71,71,Mathematics,3,0,0,0
72,72,Mathematics,1,0,1,1
73,73,Mathematics,6,0,7,1
74,74,Mathematics,1,0,4,0
75,75,Mathematics,5,0,0,0
76,76,Mathematics,6,0,0,0
77,77,Mathematics,13,0,0,0
78,78,Mathematics,5,0,13,0
79,79,Mathematics,1,0,0,0
80,80,Mathematics,1,0,0,0
81,81,Mathematics,2,0,0,0
82,82,Mathematics,1,0,0,0
83,83,Mathematics,22,0,0,0
84,84,Mathematics,2,0,6,0
85,85,Mathematics,3,0,0,0
86,86,Mathematics,3,0,0,0
87,87,Mathematics,1,0,0,0
88,88,Mathematics,0,0,0,0
89,89,Mathematics,6,0,0,0
90,90,Mathematics,3,0,6,1
91,91,Mathematics,0,0,1,0
92,92,Mathematics,3,0,0,0
93,93,Mathematics,1,0,3,0
94,94,Mathematics,2,0,0,0
95,95,Mathematics,2,0,0,0
96,96,Mathematics,9,0,0,0
97,97,Mathematics,8,0,24,5
98,98,Mathematics,0,0,0,0
99,99,Mathematics,2,0,0,0
0,0,Media and Communications,1,0,0,0
1,1,Media and Communications,2,0,0,0
2,2,Media and Communications,10,0,0,0
3,3,Media and Communications,1,0,0,0
4,4,Media and Communications,1,0,0,0
5,5,Media and Communications,3,0,0,0
6,6,Media and Communications,2,0,0,0
7,7,Media and Communications,2,0,0,0
8,8,Media and Communications,10,0,0,0
9,9,Media and Communications,5,0,0,0
10,10,Media and Communications,4,0,0,0
11,11,Media and Communications,1,0,0,0
12,12,Media and Communications,1,0,0,0
13,13,Media and Communications,5,0,40,0
14,14,Media and Communications,1,0,2,0
15,15,Media and Communications,0,0,2,0
16,16,Media and Communications,1,0,6,1
17,17,Media and Communications,0,0,1,0
18,18,Media and Communications,2,0,5,0
19,19,Media and Communications,2,0,3,0
20,20,Media and Communications,7,1,21,1
21,21,Media and Communications,0,0,2,0
22,22,Media and Communications,3,0,0,0
23,23,Media and Communications,1,0,7,0
24,24,Media and Communications,0,0,5,1
25,25,Media and Communications,5,0,12,2
26,26,Media and Communications,0,0,1,0
27,27,Media and Communications,1,1,8,0
28,28,Media and Communications,6,0,13,0
29,29,Media and Communications,1,0,0,0
30,30,Media and Communications,3,0,0,0
31,31,Media and Communications,14,0,0,0
32,32,Media and Communications,4,0,9,2
33,33,Media and Communications,15,0,0,0
34,34,Media and Communications,1,0,0,0
35,35,Media and Communications,4,0,0,0
36,36,Media and Communications,5,0,0,0
37,37,Media and Communications,1,0,0,0
38,38,Media and Communications,12,0,0,0
39,39,Media and Communications,0,0,1,0
40,40,Media and Communications,1,0,0,0
41,41,Media and Communications,15,0,0,0
42,42,Media and Communications,6,0,0,0
43,43,Media and Communications,5,0,0,0
44,44,Media and Communications,7,0,0,0
45,45,Media and Communications,5,0,0,0
46,46,Media and Communications,4,0,0,0
47,47,Media and Communications,7,0,0,0
48,48,Media and Communications,48,0,0,0
49,49,Media and Communications,10,0,0,0
50,50,Media and Communications,8,0,0,0
51,51,Media and Communications,1,0,0,0
52,52,Media and Communications,6,0,0,0
53,53,Media and Communications,8,1,10,1
54,54,Media and Communications,8,2,28,4
55,55,Media and Communications,6,0,0,0
56,56,Media and Communications,2,0,4,0
57,57,Media and Communications,8,0,0,0
58,58,Media and Communications,49,0,0,0
59,59,Media and Communications,2,0,0,0
60,60,Media and Communications,22,0,0,0
61,61,Media and Communications,10,0,0,0
62,62,Media and Communications,1,0,0,0
63,63,Media and Communications,0,1,18,0
64,64,Media and Communications,2,0,9,0
65,65,Media and Communications,3,0,3,0
66,66,Media and Communications,6,0,10,0
67,67,Media and Communications,1,0,1,0
68,68,Media and Communications,1,0,2,0
69,69,Media and Communications,2,0,0,0
70,70,Media and Communications,8,0,0,0
71,71,Media and Communications,2,0,0,0
72,72,Media and Communications,3,0,0,0
73,73,Media and Communications,0,0,1,1
74,74,Media and Communications,2,0,0,0
75,75,Media and Communications,6,0,0,0
76,76,Media and Communications,4,0,0,0
77,77,Media and Communications,1,0,0,0
78,78,Media and Communications,9,0,0,0
79,79,Media and Communications,6,0,0,0
80,80,Media and Communications,9,0,0,0
81,81,Media and Communications,4,0,0,0
82,82,Media and Communications,8,0,0,0
83,83,Media and Communications,2,0,5,1
84,84,Media and Communications,0,1,1,0
85,85,Media and Communications,5,0,0,0
86,86,Media and Communications,6,0,0,0
87,87,Media and Communications,4,0,0,0
88,88,Media and Communications,3,0,0,0
89,89,Media and Communications,2,0,0,0
90,90,Media and Communications,1,0,0,0
91,91,Media and Communications,3,0,0,0
92,92,Media and Communications,13,0,0,0
93,93,Media and Communications,19,0,0,0
94,94,Media and Communications,10,0,0,0
95,95,Media and Communications,3,0,0,0
96,96,Media and Communications,4,0,0,0
97,97,Media and Communications,20,0,0,0
98,98,Media and Communications,7,0,0,0
99,99,Media and Communications,2,0,0,0
0,0,Methodology,2,0,4,0
1,1,Methodology,0,0,6,1
2,2,Methodology,8,0,0,0
3,3,Methodology,0,0,2,0
4,4,Methodology,2,0,1,0
5,5,Methodology,1,0,3,0
6,6,Methodology,2,0,2,0
7,7,Methodology,2,1,2,0
8,8,Methodology,2,1,10,0
9,9,Methodology,0,0,2,0
10,10,Methodology,3,0,1,0
11,11,Methodology,0,0,0,0
12,12,Methodology,13,0,0,0
13,13,Methodology,6,0,13,0
14,14,Methodology,1,0,2,0
15,15,Methodology,2,0,5,0
16,16,Methodology,0,0,3,0
17,17,Methodology,0,0,0,0
18,18,Methodology,1,0,4,0
19,19,Methodology,2,0,5,2
20,20,Methodology,0,0,1,0
21,21,Methodology,0,0,0,0
22,22,Methodology,0,0,0,0
23,23,Methodology,0,0,2,0
24,24,Methodology,0,0,1,0
25,25,Methodology,0,0,1,0
26,26,Methodology,0,0,2,0
27,27,Methodology,3,0,3,1
28,28,Methodology,4,0,0,0
29,29,Methodology,0,0,4,0
30,30,Methodology,1,0,0,0
31,31,Methodology,1,0,3,0
32,32,Methodology,2,0,0,0
33,33,Methodology,2,0,1,0
34,34,Methodology,2,0,0,0
35,35,Methodology,5,0,5,0
36,36,Methodology,1,0,3,0
37,37,Methodology,1,0,1,0
38,38,Methodology,0,1,1,0
39,39,Methodology,0,1,1,0
40,40,Methodology,6,1,13,0
41,41,Methodology,1,0,0,0
42,42,Methodology,1,0,6,0
43,43,Methodology,1,1,5,0
44,44,Methodology,3,1,20,1
45,45,Methodology,1,0,1,0
46,46,Methodology,1,0,1,0
47,47,Methodology,0,0,1,0
48,48,Methodology,0,1,1,0
49,49,Methodology,0,1,2,0
50,50,Methodology,3,1,9,0
51,51,Methodology,0,0,5,1
52,52,Methodology,1,0,4,0
53,53,Methodology,0,0,0,0
54,54,Methodology,1,0,1,0
55,55,Methodology,0,0,1,0
56,56,Methodology,2,0,10,1
57,57,Methodology,8,0,0,0
58,58,Methodology,4,0,8,0
59,59,Methodology,1,0,4,0
60,60,Methodology,9,0,26,1
61,61,Methodology,1,0,1,0
62,62,Methodology,0,1,1,0
63,63,Methodology,0,1,2,0
64,64,Methodology,4,2,17,0
65,65,Methodology,1,0,5,1
66,66,Methodology,6,0,9,1
67,67,Methodology,0,0,1,0
68,68,Methodology,2,0,2,0
69,69,Methodology,2,0,2,1
70,70,Methodology,4,0,11,2
71,71,Methodology,1,0,0,0
72,72,Methodology,1,0,4,0
73,73,Methodology,2,0,4,1
74,74,Methodology,0,0,0,0
75,75,Methodology,4,0,9,1
76,76,Methodology,1,0,3,0
77,77,Methodology,2,0,9,1
78,78,Methodology,5,0,14,3
79,79,Methodology,0,0,2,0
80,80,Methodology,0,0,1,0
81,81,Methodology,2,0,1,0
82,82,Methodology,1,0,0,0
83,83,Methodology,1,0,1,0
84,84,Methodology,4,0,8,0
85,85,Methodology,1,0,3,0
86,86,Methodology,0,0,0,0
87,87,Methodology,0,0,1,0
88,88,Methodology,6,0,0,0
89,89,Methodology,3,0,3,0
90,90,Methodology,2,0,2,0
91,91,Methodology,3,0,7,0
92,92,Methodology,0,0,2,0
93,93,Methodology,0,0,2,0
94,94,Methodology,1,0,2,0
95,95,Methodology,5,0,11,1
96,96,Methodology,0,0,1,0
97,97,Methodology,1,0,3,0
98,98,Methodology,7,0,7,1
99,99,Methodology,4,0,3,0
0,0,"Philosophy, Logic and Scientific Method",0,0,0,0
1,1,"Philosophy, Logic and Scientific Method",4,0,6,0
2,2,"Philosophy, Logic and Scientific Method",5,1,8,0
3,3,"Philosophy, Logic and Scientific Method",3,0,4,0
4,4,"Philosophy, Logic and Scientific Method",3,0,3,0
5,5,"Philosophy, Logic and Scientific Method",2,0,0,0
6,6,"Philosophy, Logic and Scientific Method",5,0,6,0
7,7,"Philosophy, Logic and Scientific Method",1,0,0,0
8,8,"Philosophy, Logic and Scientific Method",2,0,3,0
9,9,"Philosophy, Logic and Scientific Method",4,0,8,0
10,10,"Philosophy, Logic and Scientific Method",3,0,5,1
11,11,"Philosophy, Logic and Scientific Method",3,0,2,0
12,12,"Philosophy, Logic and Scientific Method",3,0,3,0
13,13,"Philosophy, Logic and Scientific Method",1,0,0,0
14,14,"Philosophy, Logic and Scientific Method",1,0,2,0
15,15,"Philosophy, Logic and Scientific Method",14,1,58,4
16,16,"Philosophy, Logic and Scientific Method",10,0,0,0
17,17,"Philosophy, Logic and Scientific Method",7,0,14,2
18,18,"Philosophy, Logic and Scientific Method",3,0,6,0
19,19,"Philosophy, Logic and Scientific Method",3,0,5,0
20,20,"Philosophy, Logic and Scientific Method",15,0,0,0
21,21,"Philosophy, Logic and Scientific Method",1,0,5,0
22,22,"Philosophy, Logic and Scientific Method",4,3,55,1
23,23,"Philosophy, Logic and Scientific Method",1,0,1,0
24,24,"Philosophy, Logic and Scientific Method",2,0,2,0
25,25,"Philosophy, Logic and Scientific Method",3,0,2,0
26,26,"Philosophy, Logic and Scientific Method",2,0,3,0
27,27,"Philosophy, Logic and Scientific Method",4,0,8,0
28,28,"Philosophy, Logic and Scientific Method",2,0,2,0
29,29,"Philosophy, Logic and Scientific Method",1,0,2,0
30,30,"Philosophy, Logic and Scientific Method",5,1,9,1
31,31,"Philosophy, Logic and Scientific Method",2,0,4,0
32,32,"Philosophy, Logic and Scientific Method",2,0,2,0
33,33,"Philosophy, Logic and Scientific Method",1,0,1,1
34,34,"Philosophy, Logic and Scientific Method",1,0,2,0
35,35,"Philosophy, Logic and Scientific Method",1,0,3,1
36,36,"Philosophy, Logic and Scientific Method",1,0,0,0
37,37,"Philosophy, Logic and Scientific Method",1,0,1,0
38,38,"Philosophy, Logic and Scientific Method",4,0,0,0
39,39,"Philosophy, Logic and Scientific Method",1,0,0,0
40,40,"Philosophy, Logic and Scientific Method",5,0,8,1
41,41,"Philosophy, Logic and Scientific Method",1,0,2,0
42,42,"Philosophy, Logic and Scientific Method",1,0,1,0
43,43,"Philosophy, Logic and Scientific Method",6,0,7,1
44,44,"Philosophy, Logic and Scientific Method",3,0,0,0
45,45,"Philosophy, Logic and Scientific Method",4,0,5,0
46,46,"Philosophy, Logic and Scientific Method",2,0,2,0
47,47,"Philosophy, Logic and Scientific Method",1,0,2,0
48,48,"Philosophy, Logic and Scientific Method",2,0,3,0
49,49,"Philosophy, Logic and Scientific Method",1,0,0,0
50,50,"Philosophy, Logic and Scientific Method",6,0,7,0
51,51,"Philosophy, Logic and Scientific Method",1,0,0,0
52,52,"Philosophy, Logic and Scientific Method",7,0,0,0
53,53,"Philosophy, Logic and Scientific Method",5,0,0,0
54,54,"Philosophy, Logic and Scientific Method",1,0,0,1
55,55,"Philosophy, Logic and Scientific Method",4,0,0,0
56,56,"Philosophy, Logic and Scientific Method",4,0,11,0
57,57,"Philosophy, Logic and Scientific Method",3,0,4,0
58,58,"Philosophy, Logic and Scientific Method",2,0,7,0
59,59,"Philosophy, Logic and Scientific Method",1,0,0,0
60,60,"Philosophy, Logic and Scientific Method",7,0,5,0
61,61,"Philosophy, Logic and Scientific Method",1,0,2,0
62,62,"Philosophy, Logic and Scientific Method",1,0,0,0
63,63,"Philosophy, Logic and Scientific Method",3,0,3,0
64,64,"Philosophy, Logic and Scientific Method",5,0,0,0
65,65,"Philosophy, Logic and Scientific Method",1,0,0,0
66,66,"Philosophy, Logic and Scientific Method",4,0,6,0
67,67,"Philosophy, Logic and Scientific Method",2,0,3,0
68,68,"Philosophy, Logic and Scientific Method",3,0,7,0
69,69,"Philosophy, Logic and Scientific Method",1,0,3,0
70,70,"Philosophy, Logic and Scientific Method",3,0,7,0
71,71,"Philosophy, Logic and Scientific Method",1,0,2,0
72,72,"Philosophy, Logic and Scientific Method",3,0,0,0
73,73,"Philosophy, Logic and Scientific Method",2,0,2,0
74,74,"Philosophy, Logic and Scientific Method",5,0,0,0
75,75,"Philosophy, Logic and Scientific Method",1,0,1,0
76,76,"Philosophy, Logic and Scientific Method",1,0,0,0
77,77,"Philosophy, Logic and Scientific Method",2,0,3,0
78,78,"Philosophy, Logic and Scientific Method",3,0,10,0
79,79,"Philosophy, Logic and Scientific Method",1,0,2,0
80,80,"Philosophy, Logic and Scientific Method",2,0,6,0
81,81,"Philosophy, Logic and Scientific Method",2,0,0,0
82,82,"Philosophy, Logic and Scientific Method",5,0,6,1
83,83,"Philosophy, Logic and Scientific Method",3,0,4,0
84,84,"Philosophy, Logic and Scientific Method",2,0,0,0
85,85,"Philosophy, Logic and Scientific Method",4,0,0,0
86,86,"Philosophy, Logic and Scientific Method",1,0,1,0
87,87,"Philosophy, Logic and Scientific Method",15,0,0,0
88,88,"Philosophy, Logic and Scientific Method",6,0,14,1
89,89,"Philosophy, Logic and Scientific Method",4,0,0,0
90,90,"Philosophy, Logic and Scientific Method",3,0,7,0
91,91,"Philosophy, Logic and Scientific Method",1,0,4,0
92,92,"Philosophy, Logic and Scientific Method",3,0,0,0
93,93,"Philosophy, Logic and Scientific Method",1,0,0,0
94,94,"Philosophy, Logic and Scientific Method",5,0,0,0
95,95,"Philosophy, Logic and Scientific Method",3,0,0,0
96,96,"Philosophy, Logic and Scientific Method",2,0,4,0
97,97,"Philosophy, Logic and Scientific Method",2,0,3,0
98,98,"Philosophy, Logic and Scientific Method",1,0,5,0
99,99,"Philosophy, Logic and Scientific Method",3,0,4,0
0,0,Psychological and Behavioural Science,7,0,0,0
1,1,Psychological and Behavioural Science,10,0,0,0
2,2,Psychological and Behavioural Science,8,0,0,0
3,3,Psychological and Behavioural Science,4,0,0,0
4,4,Psychological and Behavioural Science,17,0,0,0
5,5,Psychological and Behavioural Science,10,0,0,0
6,6,Psychological and Behavioural Science,0,0,0,0
7,7,Psychological and Behavioural Science,5,0,0,0
8,8,Psychological and Behavioural Science,5,0,0,0
9,9,Psychological and Behavioural Science,4,0,0,0
10,10,Psychological and Behavioural Science,5,0,0,0
11,11,Psychological and Behavioural Science,3,0,0,0
12,12,Psychological and Behavioural Science,1,0,0,0
13,13,Psychological and Behavioural Science,2,0,0,0
14,14,Psychological and Behavioural Science,2,0,0,0
15,15,Psychological and Behavioural Science,5,0,0,0
16,16,Psychological and Behavioural Science,7,0,0,0
17,17,Psychological and Behavioural Science,6,0,0,0
18,18,Psychological and Behavioural Science,8,0,0,0
19,19,Psychological and Behavioural Science,8,0,0,0
20,20,Psychological and Behavioural Science,2,0,0,0
21,21,Psychological and Behavioural Science,2,0,0,0
22,22,Psychological and Behavioural Science,2,0,0,0
23,23,Psychological and Behavioural Science,5,0,0,0
24,24,Psychological and Behavioural Science,4,0,0,0
25,25,Psychological and Behavioural Science,6,0,0,0
26,26,Psychological and Behavioural Science,3,0,0,0
27,27,Psychological and Behavioural Science,6,0,0,0
28,28,Psychological and Behavioural Science,6,0,0,0
29,29,Psychological and Behavioural Science,7,0,0,0
30,30,Psychological and Behavioural Science,7,0,0,0
31,31,Psychological and Behavioural Science,12,0,0,0
32,32,Psychological and Behavioural Science,8,0,0,0
33,33,Psychological and Behavioural Science,5,0,0,0
34,34,Psychological and Behavioural Science,2,0,0,0
35,35,Psychological and Behavioural Science,2,0,0,0
36,36,Psychological and Behavioural Science,3,0,0,0
37,37,Psychological and Behavioural Science,21,0,0,0
38,38,Psychological and Behavioural Science,7,0,0,0
39,39,Psychological and Behavioural Science,14,0,0,0
40,40,Psychological and Behavioural Science,4,0,0,0
41,41,Psychological and Behavioural Science,6,0,0,0
42,42,Psychological and Behavioural Science,6,0,0,0
43,43,Psychological and Behavioural Science,3,0,0,0
44,44,Psychological and Behavioural Science,2,0,0,0
45,45,Psychological and Behavioural Science,2,0,0,0
46,46,Psychological and Behavioural Science,3,0,0,0
47,47,Psychological and Behavioural Science,2,0,0,0
48,48,Psychological and Behavioural Science,4,0,0,0
49,49,Psychological and Behavioural Science,3,0,0,0
50,50,Psychological and Behavioural Science,4,0,0,0
51,51,Psychological and Behavioural Science,8,0,0,0
52,52,Psychological and Behavioural Science,3,0,0,0
53,53,Psychological and Behavioural Science,5,0,0,0
54,54,Psychological and Behavioural Science,3,0,0,0
55,55,Psychological and Behavioural Science,20,0,0,0
56,56,Psychological and Behavioural Science,4,0,0,0
57,57,Psychological and Behavioural Science,9,0,0,0
58,58,Psychological and Behavioural Science,6,0,0,0
59,59,Psychological and Behavioural Science,4,0,0,0
60,60,Psychological and Behavioural Science,8,0,0,0
61,61,Psychological and Behavioural Science,4,0,0,0
62,62,Psychological and Behavioural Science,5,0,0,0
63,63,Psychological and Behavioural Science,11,0,0,0
64,64,Psychological and Behavioural Science,8,0,0,0
65,65,Psychological and Behavioural Science,19,0,0,0
66,66,Psychological and Behavioural Science,5,0,0,0
67,67,Psychological and Behavioural Science,3,0,0,0
68,68,Psychological and Behavioural Science,11,0,0,0
69,69,Psychological and Behavioural Science,13,0,0,0
70,70,Psychological and Behavioural Science,2,2,4,0
71,71,Psychological and Behavioural Science,11,0,0,0
72,72,Psychological and Behavioural Science,17,0,0,0
73,73,Psychological and Behavioural Science,17,0,0,0
74,74,Psychological and Behavioural Science,1,0,0,0
75,75,Psychological and Behavioural Science,1,0,0,0
76,76,Psychological and Behavioural Science,6,0,0,0
77,77,Psychological and Behavioural Science,2,0,0,0
78,78,Psychological and Behavioural Science,1,0,0,0
79,79,Psychological and Behavioural Science,2,0,0,0
80,80,Psychological and Behavioural Science,1,0,0,0
81,81,Psychological and Behavioural Science,2,0,0,0
82,82,Psychological and Behavioural Science,6,0,0,0
83,83,Psychological and Behavioural Science,4,0,0,0
84,84,Psychological and Behavioural Science,10,0,0,0
85,85,Psychological and Behavioural Science,12,0,0,0
86,86,Psychological and Behavioural Science,1,0,0,0
87,87,Psychological and Behavioural Science,14,0,0,0
88,88,Psychological and Behavioural Science,10,0,0,0
89,89,Psychological and Behavioural Science,1,0,0,0
90,90,Psychological and Behavioural Science,6,0,0,0
91,91,Psychological and Behavioural Science,25,0,0,0
92,92,Psychological and Behavioural Science,1,0,0,0
93,93,Psychological and Behavioural Science,16,0,0,0
94,94,Psychological and Behavioural Science,4,0,0,0
95,95,Psychological and Behavioural Science,4,0,0,0
96,96,Psychological and Behavioural Science,2,0,0,0
97,97,Psychological and Behavioural Science,5,0,0,0
98,98,Psychological and Behavioural Science,2,0,0,0
99,99,Psychological and Behavioural Science,4,0,0,0
0,0,Social Policy,1,0,0,0
1,1,Social Policy,1,0,2,0
2,2,Social Policy,0,0,2,0
3,3,Social Policy,1,0,3,0
4,4,Social Policy,8,0,0,0
5,5,Social Policy,0,0,0,0
6,6,Social Policy,5,0,0,0
7,7,Social Policy,0,0,1,0
8,8,Social Policy,0,0,1,0
9,9,Social Policy,0,0,2,0
10,10,Social Policy,0,0,3,0
11,11,Social Policy,1,0,2,1
12,12,Social Policy,7,0,0,0
13,13,Social Policy,6,0,0,0
14,14,Social Policy,1,0,4,0
15,15,Social Policy,11,0,0,0
16,16,Social Policy,0,0,1,0
17,17,Social Policy,4,0,3,0
18,18,Social Policy,4,0,0,0
19,19,Social Policy,8,0,0,0
20,20,Social Policy,76,0,0,0
21,21,Social Policy,0,0,3,0
22,22,Social Policy,2,0,0,0
23,23,Social Policy,20,0,0,0
24,24,Social Policy,0,0,4,0
25,25,Social Policy,1,0,3,0
26,26,Social Policy,0,0,2,0
27,27,Social Policy,2,0,0,0
28,28,Social Policy,5,0,0,0
29,29,Social Policy,1,0,1,0
30,30,Social Policy,1,0,3,0
31,31,Social Policy,0,0,4,0
32,32,Social Policy,11,0,0,0
33,33,Social Policy,6,0,0,0
34,34,Social Policy,4,1,6,0
35,35,Social Policy,2,0,2,0
36,36,Social Policy,2,0,0,0
37,37,Social Policy,16,0,0,0
38,38,Social Policy,0,0,3,1
39,39,Social Policy,0,0,3,0
40,40,Social Policy,0,0,0,0
41,41,Social Policy,0,0,1,1
42,42,Social Policy,0,0,0,0
43,43,Social Policy,7,0,0,0
44,44,Social Policy,21,0,0,0
45,45,Social Policy,0,0,0,0
46,46,Social Policy,2,0,3,0
47,47,Social Policy,2,0,2,0
48,48,Social Policy,23,0,0,0
49,49,Social Policy,0,0,2,0
50,50,Social Policy,1,0,5,0
51,51,Social Policy,10,0,0,0
52,52,Social Policy,9,0,0,0
53,53,Social Policy,0,0,1,0
54,54,Social Policy,0,0,0,0
55,55,Social Policy,3,0,0,0
56,56,Social Policy,3,0,0,0
57,57,Social Policy,15,0,0,0
58,58,Social Policy,3,0,0,0
59,59,Social Policy,0,0,1,0
60,60,Social Policy,1,0,6,0
61,61,Social Policy,6,0,0,0
62,62,Social Policy,1,0,0,0
63,63,Social Policy,0,0,0,0
64,64,Social Policy,1,0,0,0
65,65,Social Policy,0,0,2,0
66,66,Social Policy,5,0,6,0
67,67,Social Policy,0,0,0,0
68,68,Social Policy,5,0,0,0
69,69,Social Policy,1,0,4,0
70,70,Social Policy,0,0,2,0
71,71,Social Policy,1,0,0,0
72,72,Social Policy,5,0,0,0
73,73,Social Policy,3,0,0,0
74,74,Social Policy,0,0,1,0
75,75,Social Policy,6,0,0,0
76,76,Social Policy,0,0,2,0
77,77,Social Policy,0,0,0,0
78,78,Social Policy,1,0,5,0
79,79,Social Policy,0,0,6,0
80,80,Social Policy,0,0,1,0
81,81,Social Policy,7,0,0,0
82,82,Social Policy,1,0,0,0
83,83,Social Policy,10,0,8,1
84,84,Social Policy,0,0,2,0
85,85,Social Policy,0,0,1,0
86,86,Social Policy,3,0,9,0
87,87,Social Policy,1,0,0,0
88,88,Social Policy,1,0,4,0
89,89,Social Policy,0,0,2,0
90,90,Social Policy,0,0,2,0
91,91,Social Policy,0,0,3,0
92,92,Social Policy,0,0,2,0
93,93,Social Policy,0,0,0,0
94,94,Social Policy,2,0,0,0
95,95,Social Policy,1,0,0,0
96,96,Social Policy,3,0,0,0
97,97,Social Policy,0,0,0,0
98,98,Social Policy,0,0,1,0
99,99,Social Policy,15,0,0,0
0,0,Sociology,4,0,0,0
1,1,Sociology,0,0,4,1
2,2,Sociology,1,0,7,0
3,3,Sociology,9,0,25,0
4,4,Sociology,9,0,0,0
5,5,Sociology,0,1,3,1
6,6,Sociology,10,0,40,0
7,7,Sociology,0,0,4,0
8,8,Sociology,21,0,42,3
9,9,Sociology,5,0,12,0
10,10,Sociology,0,0,1,0
11,11,Sociology,4,0,4,0
12,12,Sociology,12,0,0,0
13,13,Sociology,2,0,2,0
14,14,Sociology,6,0,0,0
15,15,Sociology,5,0,9,1
16,16,Sociology,3,0,0,0
17,17,Sociology,0,0,5,0
18,18,Sociology,1,0,0,0
19,19,Sociology,2,0,1,0
20,20,Sociology,3,0,10,1
21,21,Sociology,23,0,0,0
22,22,Sociology,7,0,0,0
23,23,Sociology,0,0,0,0
24,24,Sociology,1,0,2,0
25,25,Sociology,5,0,12,0
26,26,Sociology,5,0,19,0
27,27,Sociology,2,0,4,0
28,28,Sociology,0,0,3,0
29,29,Sociology,1,0,3,0
30,30,Sociology,1,0,5,1
31,31,Sociology,2,0,7,0
32,32,Sociology,2,0,15,0
33,33,Sociology,9,0,4,0
34,34,Sociology,1,0,0,1
35,35,Sociology,2,0,0,0
36,36,Sociology,3,0,0,0
37,37,Sociology,3,0,0,0
38,38,Sociology,3,0,5,0
39,39,Sociology,9,0,0,0
40,40,Sociology,23,0,0,0
41,41,Sociology,7,0,0,0
42,42,Sociology,2,0,0,0
43,43,Sociology,0,0,0,0
44,44,Sociology,60,0,0,0
45,45,Sociology,8,0,0,0
46,46,Sociology,7,0,15,4
47,47,Sociology,3,0,0,0
48,48,Sociology,4,0,14,0
49,49,Sociology,3,0,3,0
50,50,Sociology,2,1,16,4
51,51,Sociology,4,0,0,0
52,52,Sociology,0,0,2,0
53,53,Sociology,0,0,1,0
54,54,Sociology,1,0,0,0
55,55,Sociology,1,0,2,0
56,56,Sociology,91,0,0,0
57,57,Sociology,13,2,21,0
58,58,Sociology,1,0,0,0
59,59,Sociology,25,0,0,0
60,60,Sociology,7,0,0,0
61,61,Sociology,1,0,3,0
62,62,Sociology,13,0,0,0
63,63,Sociology,2,0,0,0
64,64,Sociology,1,0,3,0
65,65,Sociology,6,0,10,1
66,66,Sociology,1,0,3,0
67,67,Sociology,1,0,4,1
68,68,Sociology,2,0,0,0
69,69,Sociology,7,0,0,0
70,70,Sociology,9,0,0,0
71,71,Sociology,5,0,0,0
72,72,Sociology,8,0,0,0
73,73,Sociology,0,0,0,0
74,74,Sociology,0,0,1,0
75,75,Sociology,19,0,0,0
76,76,Sociology,6,0,0,0
77,77,Sociology,2,0,0,0
78,78,Sociology,4,0,7,0
79,79,Sociology,5,0,0,0
80,80,Sociology,16,0,0,0
81,81,Sociology,0,0,1,0
82,82,Sociology,7,0,9,0
83,83,Sociology,20,0,0,0
84,84,Sociology,17,0,0,0
85,85,Sociology,2,0,0,0
86,86,Sociology,10,0,22,0
87,87,Sociology,0,0,1,0
88,88,Sociology,4,0,0,0
89,89,Sociology,5,0,4,0
90,90,Sociology,8,0,13,0
91,91,Sociology,13,0,0,0
92,92,Sociology,4,0,20,1
93,93,Sociology,24,0,0,0
94,94,Sociology,1,0,4,0
95,95,Sociology,14,0,0,0
96,96,Sociology,12,0,6,0
97,97,Sociology,7,0,20,0
98,98,Sociology,0,0,6,0
99,99,Sociology,3,1,12,0
0,0,Statistics,0,0,1,0
1,1,Statistics,0,0,0,0
2,2,Statistics,3,0,0,0
3,3,Statistics,0,0,0,0
4,4,Statistics,0,0,0,0
5,5,Statistics,0,0,4,0
6,6,Statistics,0,0,3,0
7,7,Statistics,1,0,1,0
8,8,Statistics,0,0,0,0
9,9,Statistics,1,0,1,0
10,10,Statistics,0,0,5,0
11,11,Statistics,0,0,1,0
12,12,Statistics,0,0,1,0
13,13,Statistics,8,0,0,0
14,14,Statistics,1,0,3,0
15,15,Statistics,0,0,1,0
16,16,Statistics,2,0,1,0
17,17,Statistics,14,0,0,0
18,18,Statistics,0,0,0,0
19,19,Statistics,0,0,2,0
20,20,Statistics,0,0,1,0
21,21,Statistics,1,0,1,0
22,22,Statistics,2,1,2,1
23,23,Statistics,1,0,0,0
24,24,Statistics,0,0,0,0
25,25,Statistics,0,0,0,0
26,26,Statistics,0,0,0,0
27,27,Statistics,1,0,1,0
28,28,Statistics,7,0,0,0
29,29,Statistics,1,0,1,0
30,30,Statistics,0,0,2,0
31,31,Statistics,0,0,0,0
32,32,Statistics,0,0,1,0
33,33,Statistics,0,0,0,0
34,34,Statistics,0,0,1,0
35,35,Statistics,0,0,0,0
36,36,Statistics,4,2,11,1
37,37,Statistics,1,0,1,0
38,38,Statistics,3,0,3,0
39,39,Statistics,0,0,0,0
40,40,Statistics,0,0,0,0
41,41,Statistics,0,0,0,0
42,42,Statistics,0,0,0,0
43,43,Statistics,2,0,0,0
44,44,Statistics,0,0,2,0
45,45,Statistics,0,0,0,0
46,46,Statistics,0,0,0,0
47,47,Statistics,5,0,0,0
48,48,Statistics,1,0,0,0
49,49,Statistics,1,0,0,0
50,50,Statistics,1,0,0,0
51,51,Statistics,0,0,1,0
52,52,Statistics,0,0,0,0
53,53,Statistics,0,0,0,0
54,54,Statistics,0,0,0,0
55,55,Statistics,0,0,0,0
56,56,Statistics,0,0,0,0
57,57,Statistics,15,0,0,0
58,58,Statistics,5,0,0,0
59,59,Statistics,5,0,3,0
60,60,Statistics,0,0,3,0
61,61,Statistics,5,1,9,1
62,62,Statistics,3,0,4,1
63,63,Statistics,0,0,0,0
64,64,Statistics,0,0,0,0
65,65,Statistics,0,0,2,0
66,66,Statistics,2,0,0,0
67,67,Statistics,0,0,4,0
68,68,Statistics,1,0,1,0
69,69,Statistics,0,0,0,0
70,70,Statistics,7,0,0,0
71,71,Statistics,2,0,0,0
72,72,Statistics,36,0,0,0
73,73,Statistics,1,0,16,1
74,74,Statistics,0,0,0,0
75,75,Statistics,0,0,0,0
76,76,Statistics,1,0,2,0
77,77,Statistics,0,0,0,0
78,78,Statistics,0,0,0,0
79,79,Statistics,0,0,0,0
80,80,Statistics,0,0,0,0
81,81,Statistics,0,0,0,0
82,82,Statistics,0,0,0,0
83,83,Statistics,0,0,0,0
84,84,Statistics,0,0,1,0
85,85,Statistics,0,0,3,0
86,86,Statistics,0,0,0,0
87,87,Statistics,0,0,12,1
88,88,Statistics,0,0,0,0
89,89,Statistics,0,0,0,0
90,90,Statistics,1,0,6,0
91,91,Statistics,0,0,0,0
92,92,Statistics,0,0,2,0
93,93,Statistics,0,0,0,0
94,94,Statistics,0,0,1,0
95,95,Statistics,0,0,1,0
96,96,Statistics,0,0,0,0
97,97,Statistics,0,0,0,0
98,98,Statistics,0,0,0,0
99,99,Statistics,2,0,2,0
